STN,01
LAT,28.308611
LON,-98.556944
